insert into category(category_code,category_name) values ('prog', 'Programming');
insert into category(category_code,category_name) values ('dev', 'Software Development');


insert into book(book_id,title,publication_year,category_code) values(1,'Java podręcznik języka programowania (JDK 1.1) ',1999,'prog');
insert into book(book_id,title,publication_year,category_code) values(2,'Testowanie systemów obiektowych. Modele, wzorce i narzędzia ',2001,'dev');
insert into book(book_id,title,publication_year,category_code) values(3,'Pragmatyczny programista. Od czeladnika do mistrza ',2001,'prog');
insert into book(book_id,title,publication_year,category_code) values(4,'Poradnik Kierownika Zespołu ',2001,'dev');
insert into book(book_id,title,publication_year,category_code) values(5,'Configuration Management - Principles and Practice ',2003,'dev');
insert into book(book_id,title,publication_year,category_code) values(6,'Documenting Software Architecture ',2003,'dev');
insert into book(book_id,title,publication_year,category_code) values(7,'Inżyniera zabezpieczeń ',2001,'dev');
insert into book(book_id,title,publication_year,category_code) values(8,'Bezpieczeństwo informacji ',2001,'dev');
insert into book(book_id,title,publication_year,category_code) values(9,'UML - przewodnik użytkownika ',2001,'dev');
insert into book(book_id,title,publication_year,category_code) values(10,'SQL - omówienie standardu języka ',2001,'prog');
insert into book(book_id,title,publication_year,category_code) values(11,'TEX - przewodnik użytkownika ',2001,'dev');
insert into book(book_id,title,publication_year,category_code) values(12,'LATEX ',2001,'dev');
insert into book(book_id,title,publication_year,category_code) values(13,'Dane osobowe w firmie ',2009,'dev');
insert into book(book_id,title,publication_year,category_code) values(14,'Oprogramowanie Open Source w świetle prawa ',2011,'dev');
insert into book(book_id,title,publication_year,category_code) values(15,'Java Puzzlers ',2003,'prog');
insert into book(book_id,title,publication_year,category_code) values(16,'Effective Java ',2003,'prog');
insert into book(book_id,title,publication_year,category_code) values(17,'Java Transcation Processing ',2005,'prog');
insert into book(book_id,title,publication_year,category_code) values(18,'Transaction Processing Concepts and Techniques ',2006,'prog');
insert into book(book_id,title,publication_year,category_code) values(19,'Refaktoryzacja ',2001,'prog');
insert into book(book_id,title,publication_year,category_code) values(20,'Więcej niż architektura oprogramowania ',2007,'dev');
insert into book(book_id,title,publication_year,category_code) values(21,'Systemy baz danych - pełny wykład ',2001,'dev');
insert into book(book_id,title,publication_year,category_code) values(22,'JUnit - progmatyczne testy jednostkowe w Java ',2007,'dev');
insert into book(book_id,title,publication_year,category_code) values(23,'Funders at Work ',2008,'dev');
insert into book(book_id,title,publication_year,category_code) values(24,'Behing Closed Doors - Secrets of Great Management ',2005,'dev');
insert into book(book_id,title,publication_year,category_code) values(25,'Release it - Design and Deploy Production-Ready Software ',2005,'dev');
insert into book(book_id,title,publication_year,category_code) values(26,'Enterprise Integration Patterns ',2003,'dev');
insert into book(book_id,title,publication_year,category_code) values(27,'Smart & Gets Things Done ',2009,'dev');
insert into book(book_id,title,publication_year,category_code) values(28,'Controlling Software Projects ',2010,'dev');
insert into book(book_id,title,publication_year,category_code) values(29,'Five Core Metrics ',2011,'dev');
insert into book(book_id,title,publication_year,category_code) values(30,'Ship It ',2000,'dev');
insert into book(book_id,title,publication_year,category_code) values(31,'IP Routing Fundamentals ',2001,'dev');
insert into book(book_id,title,publication_year,category_code) values(32,'Applied Statistics for Software Managers ',2002,'dev');
insert into book(book_id,title,publication_year,category_code) values(33,'Interconnections - Bridges, Routers, Switches and Internetworking Protocols ',2003,'dev');
insert into book(book_id,title,publication_year,category_code) values(34,'TCP/IP Illustrated Volume 1 - The Protocols ',2003,'dev');
insert into book(book_id,title,publication_year,category_code) values(35,'TCP/IP Illustrated Volume 2 - The Implementation ',2003,'dev');
insert into book(book_id,title,publication_year,category_code) values(36,'TCP/IP Illustrated Volume 3 - TCP for Transactions, HTTP, NNTP and the Unix Domain Protocols ',2003,'dev');
insert into book(book_id,title,publication_year,category_code) values(37,'How To Lie with Statistics ',2004,'dev');
insert into book(book_id,title,publication_year,category_code) values(38,'Facts and Fallacies of Software Engineering ',2003,'prog');
insert into book(book_id,title,publication_year,category_code) values(39,'JasperReports for Java Developers ',2005,'prog');
insert into book(book_id,title,publication_year,category_code) values(40,'Software Conflict 2.0 ',2006,'prog');
insert into book(book_id,title,publication_year,category_code) values(41,'Software Creativity 2.0 ',2007,'prog');
insert into book(book_id,title,publication_year,category_code) values(42,'The elements of Graphing Data ',2008,'prog');
insert into book(book_id,title,publication_year,category_code) values(43,'Grammatically Correct - The writer''s essesntial guide to punctation, spelling, style, usage and grammar ',2009,'dev');
insert into book(book_id,title,publication_year,category_code) values(44,'Manage It - Your guide to Modern, Pragmatic Project Management ',2005,'dev');
insert into book(book_id,title,publication_year,category_code) values(45,'The Psychology of Computer Programming - Silver Anniversary Edition ',2010,'dev');
insert into book(book_id,title,publication_year,category_code) values(46,'Pragmatic Thinking and Learning - Refactor Your Wetware ',2005,'dev');
insert into book(book_id,title,publication_year,category_code) values(47,'Java Transaction Design Strategies ',2011,'prog');
insert into book(book_id,title,publication_year,category_code) values(48,'Software Estimation - Demystifying the Black Art ',2000,'dev');
insert into book(book_id,title,publication_year,category_code) values(49,'The Web Application Hacker''s Handbook ',2001,'prog');
insert into book(book_id,title,publication_year,category_code) values(50,'Practices of an Agile Developer ',2005,'prog');
insert into book(book_id,title,publication_year,category_code) values(51,'Programming Clojure ',2005,'prog');
insert into book(book_id,title,publication_year,category_code) values(52,'Working Effectively with Legacy Code ',2002,'prog');
insert into book(book_id,title,publication_year,category_code) values(53,'High Performance Web Sites ',2002,'dev');
insert into book(book_id,title,publication_year,category_code) values(54,'Pragmatic Version Control Using Git ',2005,'dev');
insert into book(book_id,title,publication_year,category_code) values(55,'The Passionate Programmer ',2005,'prog');
insert into book(book_id,title,publication_year,category_code) values(56,'Coders at Work ',2003,'dev');
insert into book(book_id,title,publication_year,category_code) values(57,'Debug It! ',2005,'dev');
insert into book(book_id,title,publication_year,category_code) values(58,'Sieci VPN - Zdalna praca i bezpieczeństwo danych ',2005,'dev');
insert into book(book_id,title,publication_year,category_code) values(59,'Prawo w sieci. Zarys regulacji internetu ',2002,'dev');
insert into book(book_id,title,publication_year,category_code) values(60,'Adrenaline Junkies and Template Zombies ',2002,'dev');
insert into book(book_id,title,publication_year,category_code) values(61,'Simple Ideas on Presentation Design and Delivery ',2005,'dev');
insert into book(book_id,title,publication_year,category_code) values(62,'Simple Design Principles and Techniques to Enhance Your Presentations ',2005,'dev');
insert into book(book_id,title,publication_year,category_code) values(63,'Confessions of a Public Speaker ',2002,'dev');
insert into book(book_id,title,publication_year,category_code) values(64,'The myths of innovation ',2002,'dev');
insert into book(book_id,title,publication_year,category_code) values(65,'Clean Code - A handbook of Agile Software Craftsmanship ',2005,'dev');
insert into book(book_id,title,publication_year,category_code) values(66,'Sun Certified Programmer for Java 6 Study Guide ',2002,'prog');
insert into book(book_id,title,publication_year,category_code) values(67,'SQL Antipatterns - Avoiding the Pitfalls of Database Programming ',2002,'prog');
insert into book(book_id,title,publication_year,category_code) values(68,'Java Concurrency in practice ',2005,'prog');
insert into book(book_id,title,publication_year,category_code) values(69,'The Visual Display of Quantitative Information ',2005,'dev');
insert into book(book_id,title,publication_year,category_code) values(70,'Domain-Specific Languages ',2003,'dev');
insert into book(book_id,title,publication_year,category_code) values(71,'Agile Software Development - Principles, Patterns, and Practices ',2000,'dev');
insert into book(book_id,title,publication_year,category_code) values(72,'The Art of Application Performance Testing ',2002,'dev');
insert into book(book_id,title,publication_year,category_code) values(73,'Language Implementation Patterns - Create Your Own Domain-Specific and General Programming Languages ',2005,'prog');
insert into book(book_id,title,publication_year,category_code) values(74,'Programming Language Pragmatics ',2005,'dev');
insert into book(book_id,title,publication_year,category_code) values(75,'Making Things Happen ',2002,'dev');
insert into book(book_id,title,publication_year,category_code) values(76,'It''s your ship - managment techniques form the Best Damn Ship in the Navy ',2002,'prog');
insert into book(book_id,title,publication_year,category_code) values(77,'Getting StartED with Dojo ',2005,'prog');
insert into book(book_id,title,publication_year,category_code) values(78,'Pragmatic Guide to JavaScript ',2005,'dev');
insert into book(book_id,title,publication_year,category_code) values(79,'Driving Technical Change ',2005,'dev');
insert into book(book_id,title,publication_year,category_code) values(80,'Java Generics and Collections ',2002,'prog');
insert into book(book_id,title,publication_year,category_code) values(81,'Fearless Change ',2003,'dev');
insert into book(book_id,title,publication_year,category_code) values(82,'Wysoko wydajny PostgreSQL 9.0 ',2005,'prog');
insert into book(book_id,title,publication_year,category_code) values(83,'Getting Things Done ',2002,'dev');
insert into book(book_id,title,publication_year,category_code) values(84,'Bezpieczeństwo aplikacji tworzonych w technologii Ajax ',2002,'prog');
insert into book(book_id,title,publication_year,category_code) values(85,'Refaktoryzacja - ulepszanie struktury istniejącego kodu ',2005,'prog');
insert into book(book_id,title,publication_year,category_code) values(86,'Podręcznik HTML5 ',2005,'prog');
insert into book(book_id,title,publication_year,category_code) values(87,'The Tangled Web ',2008,'dev');
insert into book(book_id,title,publication_year,category_code) values(88,'Too Much to Know ',2009,'dev');
insert into book(book_id,title,publication_year,category_code) values(89,'Selling to big companies ',2010,'dev');
insert into book(book_id,title,publication_year,category_code) values(90,'Treść jest kluczowa - jak tworzyć blogi, podkasty, wideo, e-booki itp. ',2011,'dev');
insert into book(book_id,title,publication_year,category_code) values(91,'Inbound Marketing ',2011,'dev');
insert into book(book_id,title,publication_year,category_code) values(92,'Wojownik SEO ',2002,'dev');
insert into book(book_id,title,publication_year,category_code) values(93,'The Design of Everyday Things ',2010,'dev');
insert into book(book_id,title,publication_year,category_code) values(94,'DSLs in Action ',2010,'dev');
insert into book(book_id,title,publication_year,category_code) values(95,'The Joy of Clojure ',2011,'prog');
insert into book(book_id,title,publication_year,category_code) values(96,'Java Performance ',2003,'prog');
insert into book(book_id,title,publication_year,category_code) values(97,'Growing Object-Oriented Software, Guided by Tests ',2003,'prog');
insert into book(book_id,title,publication_year,category_code) values(98,'Behind the cloud ',2011,'dev');
insert into book(book_id,title,publication_year,category_code) values(99,'Technical Blogging ',2005,'dev');


insert into author(author_id,name) values(1,'Andy Hunt');
insert into author(author_id,name) values(2,'Anne Stilman');
insert into author(author_id,name) values(3,'Ann Blair');
insert into author(author_id,name) values(4,'Antonio Cangiano');
insert into author(author_id,name) values(5,'A. Handley');
insert into author(author_id,name) values(6,'A. Hunt');
insert into author(author_id,name) values(7,'A. Mette');
insert into author(author_id,name) values(8,'A. Reuter');
insert into author(author_id,name) values(9,'Bert Bates');
insert into author(author_id,name) values(10,'B.Hoffman');
insert into author(author_id,name) values(11,'Bill Karwin');
insert into author(author_id,name) values(12,'Bill Sanders');
insert into author(author_id,name) values(13,'Brian Goetz');
insert into author(author_id,name) values(14,'B. Halligan');
insert into author(author_id,name) values(15,'B. John');
insert into author(author_id,name) values(16,'B. Sullivan');
insert into author(author_id,name) values(17,'B. Woolf');
insert into author(author_id,name) values(18,'C.C. Chapman');
insert into author(author_id,name) values(19,'Chad Fowler');
insert into author(author_id,name) values(20,'Chrisophe Porteneuve');
insert into author(author_id,name) values(21,'Ch. Houser');
insert into author(author_id,name) values(22,'Ch. Hunt');
insert into author(author_id,name) values(23,'C.J. Date');
insert into author(author_id,name) values(24,'Dafydd Stuttard');
insert into author(author_id,name) values(25,'Darrell Huff');
insert into author(author_id,name) values(26,'David Allen');
insert into author(author_id,name) values(27,'David R. Heffelfinger');
insert into author(author_id,name) values(28,'D.L. Pipkin');
insert into author(author_id,name) values(29,'Donald E. Knuth');
insert into author(author_id,name) values(30,'D. A. Norman');
insert into author(author_id,name) values(31,'D. Ghosh');
insert into author(author_id,name) values(32,'D. Shah');
insert into author(author_id,name) values(33,'D. Thomas');
insert into author(author_id,name) values(34,'Edward R. Tufte');
insert into author(author_id,name) values(35,'E. Derby');
insert into author(author_id,name) values(36,'Garr Reynolds');
insert into author(author_id,name) values(37,'Gary R. Wright');
insert into author(author_id,name) values(38,'Gerald M. Weinberg');
insert into author(author_id,name) values(39,'Gregory Smith');
insert into author(author_id,name) values(40,'G. Booch');
insert into author(author_id,name) values(41,'G. Hohpe');
insert into author(author_id,name) values(42,'G. Pawlik');
insert into author(author_id,name) values(43,'Ian Molyneaux');
insert into author(author_id,name) values(44,'I. Jacobson');
insert into author(author_id,name) values(45,'Jared Richardson');
insert into author(author_id,name) values(46,'Jill Konrath');
insert into author(author_id,name) values(47,'Joel Spolsky');
insert into author(author_id,name) values(48,'Johanna Rothman');
insert into author(author_id,name) values(49,'J. Barta');
insert into author(author_id,name) values(50,'J. Bloch');
insert into author(author_id,name) values(51,'J. Gray');
insert into author(author_id,name) values(52,'J. Hass');
insert into author(author_id,name) values(53,'J. Jerkovic');
insert into author(author_id,name) values(54,'J. Livingston');
insert into author(author_id,name) values(55,'J. Morgan');
insert into author(author_id,name) values(56,'J. Rothmann');
insert into author(author_id,name) values(57,'J. Rumbough');
insert into author(author_id,name) values(58,'J. Ullman');
insert into author(author_id,name) values(59,'Kathy Sierra');
insert into author(author_id,name) values(60,'Katrina D. Maxwell');
insert into author(author_id,name) values(61,'Kyle D. Hayes');
insert into author(author_id,name) values(62,'K. Beck');
insert into author(author_id,name) values(63,'Lawrence H. Putnam');
insert into author(author_id,name) values(64,'Linda Rising');
insert into author(author_id,name) values(65,'L. Hohmann');
insert into author(author_id,name) values(66,'L. Lamport');
insert into author(author_id,name) values(67,'Marcus Pinto');
insert into author(author_id,name) values(68,'Marc Benioff');
insert into author(author_id,name) values(69,'Marek Serafin');
insert into author(author_id,name) values(70,'Mark A. Sportack');
insert into author(author_id,name) values(71,'Mark Richards');
insert into author(author_id,name) values(72,'Martin Fowler');
insert into author(author_id,name) values(73,'Maurice Naftalin');
insert into author(author_id,name) values(74,'Michael Abrashoff');
insert into author(author_id,name) values(75,'Michał Zalewski');
insert into author(author_id,name) values(76,'Micheal C. Feathers');
insert into author(author_id,name) values(77,'Micheal Scott');
insert into author(author_id,name) values(78,'M. Fogus');
insert into author(author_id,name) values(79,'M. Fowler');
insert into author(author_id,name) values(80,'M. Little');
insert into author(author_id,name) values(81,'M. T. Nygard');
insert into author(author_id,name) values(82,'N. Gafter');
insert into author(author_id,name) values(83,'N. Pryce');
insert into author(author_id,name) values(84,'Paul Butcher');
insert into author(author_id,name) values(85,'Peter Seibel');
insert into author(author_id,name) values(86,'Piotr Waglowski');
insert into author(author_id,name) values(87,'P. Clements i inni');
insert into author(author_id,name) values(88,'P. Krol');
insert into author(author_id,name) values(89,'P. Naughton');
insert into author(author_id,name) values(90,'Radia Perlman');
insert into author(author_id,name) values(91,'Robert C. Martin');
insert into author(author_id,name) values(92,'Robert L. Glass');
insert into author(author_id,name) values(93,'Ross Anderson');
insert into author(author_id,name) values(94,'R. Markiewicz');
insert into author(author_id,name) values(95,'R. V. Binder');
insert into author(author_id,name) values(96,'R. Whitehead');
insert into author(author_id,name) values(97,'Scott Berkun');
insert into author(author_id,name) values(98,'Steve McConnell');
insert into author(author_id,name) values(99,'Steve Souders');
insert into author(author_id,name) values(100,'Stuart Halloway');
insert into author(author_id,name) values(101,'S. Freeman');
insert into author(author_id,name) values(102,'Terence Parr');
insert into author(author_id,name) values(103,'Terrence Ryan');
insert into author(author_id,name) values(104,'Tom DeMarco');
insert into author(author_id,name) values(105,'Tom De Marco i inni');
insert into author(author_id,name) values(106,'Travis Swicegood');
insert into author(author_id,name) values(107,'Venkat Subramaniam');
insert into author(author_id,name) values(108,'Ware Myers');
insert into author(author_id,name) values(109,'William Gwaltney');
insert into author(author_id,name) values(110,'William S. Cleveland');
insert into author(author_id,name) values(111,'W. Richard Stevens');

insert into book_author(book_id,author_id) values(46,1);
insert into book_author(book_id,author_id) values(50,1);
insert into book_author(book_id,author_id) values(43,2);
insert into book_author(book_id,author_id) values(88,3);
insert into book_author(book_id,author_id) values(99,4);
insert into book_author(book_id,author_id) values(90,5);
insert into book_author(book_id,author_id) values(3,6);
insert into book_author(book_id,author_id) values(22,6);
insert into book_author(book_id,author_id) values(5,7);
insert into book_author(book_id,author_id) values(18,8);
insert into book_author(book_id,author_id) values(66,9);
insert into book_author(book_id,author_id) values(84,10);
insert into book_author(book_id,author_id) values(67,11);
insert into book_author(book_id,author_id) values(86,12);
insert into book_author(book_id,author_id) values(68,13);
insert into book_author(book_id,author_id) values(91,14);
insert into book_author(book_id,author_id) values(96,15);
insert into book_author(book_id,author_id) values(84,16);
insert into book_author(book_id,author_id) values(26,17);
insert into book_author(book_id,author_id) values(90,18);
insert into book_author(book_id,author_id) values(55,19);
insert into book_author(book_id,author_id) values(78,20);
insert into book_author(book_id,author_id) values(95,21);
insert into book_author(book_id,author_id) values(96,22);
insert into book_author(book_id,author_id) values(10,23);
insert into book_author(book_id,author_id) values(49,24);
insert into book_author(book_id,author_id) values(37,25);
insert into book_author(book_id,author_id) values(83,26);
insert into book_author(book_id,author_id) values(39,27);
insert into book_author(book_id,author_id) values(8,28);
insert into book_author(book_id,author_id) values(11,29);
insert into book_author(book_id,author_id) values(93,30);
insert into book_author(book_id,author_id) values(94,31);
insert into book_author(book_id,author_id) values(91,32);
insert into book_author(book_id,author_id) values(3,33);
insert into book_author(book_id,author_id) values(22,33);
insert into book_author(book_id,author_id) values(69,34);
insert into book_author(book_id,author_id) values(24,35);
insert into book_author(book_id,author_id) values(61,36);
insert into book_author(book_id,author_id) values(62,36);
insert into book_author(book_id,author_id) values(35,37);
insert into book_author(book_id,author_id) values(45,38);
insert into book_author(book_id,author_id) values(82,39);
insert into book_author(book_id,author_id) values(9,40);
insert into book_author(book_id,author_id) values(26,41);
insert into book_author(book_id,author_id) values(17,42);
insert into book_author(book_id,author_id) values(72,43);
insert into book_author(book_id,author_id) values(9,44);
insert into book_author(book_id,author_id) values(30,45);
insert into book_author(book_id,author_id) values(89,46);
insert into book_author(book_id,author_id) values(27,47);
insert into book_author(book_id,author_id) values(44,48);
insert into book_author(book_id,author_id) values(14,49);
insert into book_author(book_id,author_id) values(15,50);
insert into book_author(book_id,author_id) values(16,50);
insert into book_author(book_id,author_id) values(18,51);
insert into book_author(book_id,author_id) values(5,52);
insert into book_author(book_id,author_id) values(92,53);
insert into book_author(book_id,author_id) values(23,54);
insert into book_author(book_id,author_id) values(17,55);
insert into book_author(book_id,author_id) values(24,56);
insert into book_author(book_id,author_id) values(9,57);
insert into book_author(book_id,author_id) values(21,58);
insert into book_author(book_id,author_id) values(66,59);
insert into book_author(book_id,author_id) values(32,60);
insert into book_author(book_id,author_id) values(77,61);
insert into book_author(book_id,author_id) values(85,62);
insert into book_author(book_id,author_id) values(29,63);
insert into book_author(book_id,author_id) values(81,64);
insert into book_author(book_id,author_id) values(20,65);
insert into book_author(book_id,author_id) values(12,66);
insert into book_author(book_id,author_id) values(49,67);
insert into book_author(book_id,author_id) values(98,68);
insert into book_author(book_id,author_id) values(58,69);
insert into book_author(book_id,author_id) values(31,70);
insert into book_author(book_id,author_id) values(47,71);
insert into book_author(book_id,author_id) values(70,72);
insert into book_author(book_id,author_id) values(80,73);
insert into book_author(book_id,author_id) values(76,74);
insert into book_author(book_id,author_id) values(87,75);
insert into book_author(book_id,author_id) values(52,76);
insert into book_author(book_id,author_id) values(74,77);
insert into book_author(book_id,author_id) values(95,78);
insert into book_author(book_id,author_id) values(19,79);
insert into book_author(book_id,author_id) values(85,79);
insert into book_author(book_id,author_id) values(17,80);
insert into book_author(book_id,author_id) values(25,81);
insert into book_author(book_id,author_id) values(15,82);
insert into book_author(book_id,author_id) values(97,83);
insert into book_author(book_id,author_id) values(57,84);
insert into book_author(book_id,author_id) values(56,85);
insert into book_author(book_id,author_id) values(59,86);
insert into book_author(book_id,author_id) values(6,87);
insert into book_author(book_id,author_id) values(13,88);
insert into book_author(book_id,author_id) values(1,89);
insert into book_author(book_id,author_id) values(33,90);
insert into book_author(book_id,author_id) values(65,91);
insert into book_author(book_id,author_id) values(38,92);
insert into book_author(book_id,author_id) values(40,92);
insert into book_author(book_id,author_id) values(41,92);
insert into book_author(book_id,author_id) values(7,93);
insert into book_author(book_id,author_id) values(14,94);
insert into book_author(book_id,author_id) values(2,95);
insert into book_author(book_id,author_id) values(4,96);
insert into book_author(book_id,author_id) values(63,97);
insert into book_author(book_id,author_id) values(64,97);
insert into book_author(book_id,author_id) values(75,97);
insert into book_author(book_id,author_id) values(48,98);
insert into book_author(book_id,author_id) values(53,99);
insert into book_author(book_id,author_id) values(51,100);
insert into book_author(book_id,author_id) values(97,101);
insert into book_author(book_id,author_id) values(73,102);
insert into book_author(book_id,author_id) values(79,103);
insert into book_author(book_id,author_id) values(28,104);
insert into book_author(book_id,author_id) values(60,105);
insert into book_author(book_id,author_id) values(54,106);
insert into book_author(book_id,author_id) values(50,107);
insert into book_author(book_id,author_id) values(29,108);
insert into book_author(book_id,author_id) values(30,109);
insert into book_author(book_id,author_id) values(42,110);
insert into book_author(book_id,author_id) values(34,111);
insert into book_author(book_id,author_id) values(35,111);
insert into book_author(book_id,author_id) values(36,111);
